"date","geography","geography code","Rural Urban","Passports Held: All usual residents; measures: Value","Passports Held: No passport; measures: Value","Passports Held: United Kingdom; measures: Value","Passports Held: Republic of Ireland; measures: Value","Passports Held: Other Europe: EU countries; measures: Value","Passports Held: Other Europe: Non EU countries; measures: Value","Passports Held: Africa; measures: Value","Passports Held: Middle East and Asia; measures: Value","Passports Held: North America and the Caribbean; measures: Value","Passports Held: Central America; measures: Value","Passports Held: South America; measures: Value","Passports Held: Antarctica and Oceania; measures: Value","Passports Held: British Overseas Territories; measures: Value"
"2011","Berwick-upon-Tweed","E14000554","Total",75718,16554,57994,167,683,41,76,175,172,0,18,121,1
"2011","Bishop Auckland","E14000569","Total",87143,22068,64148,132,514,38,90,177,101,2,8,77,3
"2011","Blaydon","E14000574","Total",88281,16525,70739,117,505,44,110,281,117,4,9,57,2
"2011","Blyth Valley","E14000575","Total",82174,17260,64179,100,372,49,57,196,84,1,10,45,0
"2011","City of Durham","E14000641","Total",94375,16867,73172,364,1542,213,389,1643,700,13,45,235,12
"2011","Darlington","E14000658","Total",91417,20932,67921,210,1458,58,188,674,189,2,8,91,0
"2011","Easington","E14000677","Total",82769,21871,59985,86,544,40,94,206,43,2,4,38,0
"2011","Gateshead","E14000709","Total",94506,21313,68881,270,2104,221,420,1319,281,8,43,99,10
"2011","Hartlepool","E14000733","Total",92028,23520,67403,128,490,37,137,377,73,2,8,77,0
"2011","Hexham","E14000746","Total",76236,11982,63165,215,501,70,103,227,234,3,24,183,3
"2011","Houghton and Sunderland South","E14000754","Total",87002,19668,66606,76,286,29,85,273,61,1,6,34,0
"2011","Jarrow","E14000765","Total",83260,17116,65333,92,341,32,88,350,67,3,8,44,0
"2011","Middlesbrough","E14000819","Total",93865,22937,65648,283,1745,139,939,2503,66,5,12,38,0
"2011","Middlesbrough South and East Cleveland","E14000820","Total",92826,20107,71797,154,377,56,140,299,82,2,6,89,3
"2011","Newcastle upon Tyne Central","E14000831","Total",93693,18017,62712,422,3228,293,1969,7488,278,24,58,151,4
"2011","Newcastle upon Tyne East","E14000832","Total",95589,15331,72696,845,2392,263,815,3488,410,14,61,292,19
"2011","Newcastle upon Tyne North","E14000833","Total",90895,15373,72307,294,930,137,546,1509,186,11,32,115,7
"2011","North Durham","E14000840","Total",86883,19998,66120,115,391,33,64,220,61,6,10,60,0
"2011","North Tyneside","E14000853","Total",102042,20249,79710,186,843,115,315,660,115,13,22,94,2
"2011","North West Durham","E14000856","Total",92119,21216,69540,151,887,48,87,205,136,4,13,85,0
"2011","Redcar","E14000891","Total",86898,20435,65776,181,295,41,64,133,65,0,13,61,0
"2011","Sedgefield","E14000915","Total",84100,20127,63042,133,518,36,82,176,118,1,5,61,0
"2011","South Shields","E14000944","Total",82294,18716,62018,105,532,55,135,823,79,2,36,58,4
"2011","Stockton North","E14000970","Total",92033,23178,67362,167,516,46,276,558,77,3,8,78,1
"2011","Stockton South","E14000971","Total",99577,16026,81262,228,660,90,258,1177,145,8,34,108,1
"2011","Sunderland Central","E14000982","Total",99885,21392,73954,323,1077,76,639,2393,215,10,35,47,8
"2011","Tynemouth","E14001006","Total",98759,15459,81580,231,770,97,177,515,196,16,24,190,0
"2011","Wansbeck","E14001014","Total",81900,19070,62071,118,337,58,64,217,102,4,12,89,0
"2011","Washington and Sunderland West","E14001020","Total",88619,20175,67547,89,439,51,107,282,51,0,2,36,1
"2011","Altrincham and Sale West","E14000532","Total",96591,9727,82189,1311,1911,154,397,1393,416,16,63,329,5
"2011","Ashton-under-Lyne","E14000537","Total",90484,16182,70428,442,1994,51,374,1226,80,5,22,53,0
"2011","Barrow and Furness","E14000543","Total",88826,19710,67853,147,581,57,86,334,171,2,20,117,1
"2011","Birkenhead","E14000559","Total",88818,20187,66707,441,839,58,152,540,129,2,24,86,1
"2011","Blackburn","E14000570","Total",107246,19465,81419,345,2235,131,376,3879,87,7,22,42,1
"2011","Blackley and Broughton","E14000571","Total",110754,21188,72129,1389,7114,496,3557,5488,651,12,138,108,2
"2011","Blackpool North and Cleveleys","E14000572","Total",83391,18795,62646,350,1024,47,122,476,127,5,14,72,1
"2011","Blackpool South","E14000573","Total",81266,20055,58579,379,1687,61,127,439,117,1,15,60,1
"2011","Bolton North East","E14000578","Total",95288,17476,73345,417,1937,130,526,1691,111,4,30,102,2
"2011","Bolton South East","E14000579","Total",101747,19073,76186,328,2395,196,880,3076,148,2,8,58,4
"2011","Bolton West","E14000580","Total",94523,15444,77083,350,824,66,269,635,160,5,20,131,0
"2011","Bootle","E14000581","Total",98449,20453,76481,407,728,80,150,223,88,4,35,73,0
"2011","Burnley","E14000609","Total",87059,17971,66691,344,916,52,86,1266,71,0,8,115,7
"2011","Bury North","E14000611","Total",87218,14080,69799,538,1433,80,238,1362,146,2,26,87,0
"2011","Bury South","E14000612","Total",97842,15214,78246,1040,2030,148,427,1200,311,11,41,128,1
"2011","Carlisle","E14000620","Total",85979,19178,63921,209,1913,67,137,549,170,4,27,102,5
"2011","Cheadle","E14000627","Total",91023,8769,79446,710,1019,117,281,1237,234,10,38,151,0
"2011","Chorley","E14000637","Total",94932,17515,75793,335,843,55,148,313,172,0,19,99,3
"2011","City of Chester","E14000640","Total",92995,15043,73733,721,2422,152,320,749,307,18,53,262,2
"2011","Congleton","E14000646","Total",91960,15570,75022,291,746,62,126,216,169,3,22,147,1
"2011","Copeland","E14000647","Total",80891,18480,61105,162,579,47,105,371,163,1,7,126,1
"2011","Crewe and Nantwich","E14000653","Total",107271,23217,79002,435,3915,67,235,508,218,7,35,127,0
"2011","Denton and Reddish","E14000661","Total",85832,15471,68072,779,921,54,264,404,114,2,17,81,0
"2011","Eddisbury","E14000686","Total",85633,15956,68431,307,614,82,136,187,188,1,14,156,0
"2011","Ellesmere Port and Neston","E14000688","Total",86913,15125,69915,449,992,81,142,298,138,3,11,95,0
"2011","Fylde","E14000706","Total",81914,12971,67110,324,999,53,104,348,209,16,10,182,1
"2011","Garston and Halewood","E14000708","Total",97697,16803,78245,472,1358,79,283,553,188,4,50,90,0
"2011","Halton","E14000725","Total",94995,20048,73699,326,597,33,67,230,96,4,7,82,1
"2011","Hazel Grove","E14000738","Total",79173,11756,66017,364,649,66,117,287,141,3,18,116,0
"2011","Heywood and Middleton","E14000747","Total",103894,19024,81502,709,1697,54,436,761,98,2,25,88,0
"2011","Hyndburn","E14000758","Total",92494,19160,70588,328,1237,55,104,1317,106,1,10,78,0
"2011","Knowsley","E14000775","Total",103910,20936,81949,274,401,51,148,192,103,1,19,52,0
"2011","Lancaster and Fleetwood","E14000776","Total",86650,16074,65674,340,2070,244,336,1910,293,13,42,210,3
"2011","Leigh","E14000785","Total",102997,19559,81306,374,1066,78,291,403,112,2,8,85,0
"2011","Liverpool, Riverside","E14000793","Total",114920,15097,85696,2365,3816,350,1591,6039,677,73,135,272,20
"2011","Liverpool, Walton","E14000794","Total",91876,20226,69022,416,1136,65,369,730,96,6,24,49,0
"2011","Liverpool, Wavertree","E14000795","Total",91501,14570,69692,1222,2586,123,1417,2082,268,16,37,135,2
"2011","Liverpool, West Derby","E14000796","Total",90537,17760,69830,373,1288,60,543,849,77,5,12,54,0
"2011","Macclesfield","E14000802","Total",93268,13431,77173,370,1202,115,154,907,299,4,34,233,1
"2011","Makerfield","E14000805","Total",98202,18222,78750,246,593,52,158,211,83,1,16,64,0
"2011","Manchester Central","E14000807","Total",134326,19943,87370,1757,8432,629,4612,11206,1307,144,305,319,44
"2011","Manchester, Gorton","E14000808","Total",111198,15244,75184,2169,5979,323,3354,9775,845,85,150,203,13
"2011","Manchester, Withington","E14000809","Total",99212,10207,79337,2546,3360,295,827,3176,692,67,123,421,5
"2011","Morecambe and Lunesdale","E14000825","Total",87683,19518,65552,317,1723,57,215,316,185,3,21,124,1
"2011","Oldham East and Saddleworth","E14000870","Total",101601,16714,81013,334,1248,56,278,2283,146,3,12,93,1
"2011","Oldham West and Royton","E14000871","Total",102616,16337,81329,427,1296,42,322,3305,107,3,9,59,1
"2011","Pendle","E14000875","Total",89452,16774,69104,263,1754,88,83,2047,118,1,9,64,0
"2011","Penrith and The Border","E14000877","Total",81880,17392,63109,182,852,32,115,187,169,2,11,176,1
"2011","Preston","E14000885","Total",94780,20072,66728,534,3747,78,473,3309,209,3,41,83,6
"2011","Ribble Valley","E14000894","Total",96929,14594,80616,394,902,52,143,307,162,6,15,153,2
"2011","Rochdale","E14000897","Total",107805,18894,82958,641,2208,69,502,3348,96,6,19,76,1
"2011","Rossendale and Darwen","E14000902","Total",96465,18207,76452,390,922,42,93,419,132,4,11,85,3
"2011","Salford and Eccles","E14000911","Total",108546,19069,78984,1037,4790,226,1655,2891,275,26,100,189,3
"2011","Sefton Central","E14000916","Total",84960,9802,74095,446,463,31,83,154,109,4,23,96,0
"2011","South Ribble","E14000943","Total",97371,16782,78906,364,944,38,114,314,122,9,18,140,0
"2011","Southport","E14000958","Total",90381,15468,71375,471,2471,80,247,414,216,6,21,134,2
"2011","St Helens North","E14000962","Total",96518,20682,74644,272,613,48,105,198,87,6,12,64,1
"2011","St Helens South and Whiston","E14000963","Total",100657,20934,78235,328,658,51,123,395,118,4,10,71,0
"2011","Stalybridge and Hyde","E14000967","Total",91740,17221,72334,392,999,47,200,605,107,4,24,94,0
"2011","Stockport","E14000969","Total",85027,15827,65932,1024,1161,104,281,952,185,9,34,126,1
"2011","Stretford and Urmston","E14000979","Total",98749,14777,77957,1633,2235,82,668,1706,382,9,48,153,2
"2011","Tatton","E14000987","Total",84287,10976,70615,559,1233,135,223,688,368,6,44,279,0
"2011","Wallasey","E14001010","Total",89444,18208,69706,418,681,61,130,298,168,0,22,91,2
"2011","Warrington North","E14001017","Total",95213,17073,75137,367,1837,84,191,555,167,8,27,112,8
"2011","Warrington South","E14001018","Total",107015,14337,89094,525,1782,77,265,1115,236,11,14,209,0
"2011","Weaver Vale","E14001024","Total",88159,16041,70443,330,893,55,154,287,161,6,23,121,0
"2011","West Lancashire","E14001033","Total",94797,17216,75296,356,1567,38,142,248,134,10,16,98,0
"2011","Westmorland and Lonsdale","E14001037","Total",83919,14356,67008,200,1622,80,194,383,301,8,23,245,3
"2011","Wigan","E14001039","Total",101878,21667,77759,267,1477,73,248,447,77,6,16,146,0
"2011","Wirral South","E14001043","Total",72312,10215,60981,332,493,51,115,226,161,12,27,86,0
"2011","Wirral West","E14001044","Total",69209,9827,58257,326,403,47,99,300,157,5,15,126,0
"2011","Workington","E14001053","Total",78363,19465,57995,110,521,45,71,156,124,1,7,86,0
"2011","Worsley and Eccles South","E14001054","Total",98824,19454,75532,630,1955,90,509,754,130,3,38,85,1
"2011","Wyre and Preston North","E14001057","Total",88464,11985,74624,345,613,50,155,810,173,4,16,144,1
"2011","Wythenshawe and Sale East","E14001059","Total",105438,19599,78091,1200,3506,228,1006,2089,342,15,98,193,3
"2011","Barnsley Central","E14000541","Total",85714,19926,63675,136,1356,64,277,313,64,2,17,40,1
"2011","Barnsley East","E14000542","Total",90434,22349,66677,133,871,65,185,180,60,3,4,39,1
"2011","Batley and Spen","E14000548","Total",107899,18307,86425,185,1143,44,186,1978,132,2,9,68,0
"2011","Beverley and Holderness","E14000556","Total",99748,18399,80047,169,635,60,126,303,163,9,29,135,1
"2011","Bradford East","E14000587","Total",113820,19287,84392,322,3674,84,740,6613,216,1,27,43,2
"2011","Bradford South","E14000588","Total",101545,21473,75002,273,2330,41,671,2113,140,14,17,68,0
"2011","Bradford West","E14000589","Total",114761,14261,85009,241,5795,109,1627,9569,209,3,24,69,4
"2011","Brigg and Goole","E14000596","Total",86706,20162,63750,176,2278,50,83,227,71,7,63,66,0
"2011","Calder Valley","E14000614","Total",102961,17293,83761,547,863,73,110,405,181,5,16,189,5
"2011","Cleethorpes","E14000643","Total",93593,21339,70898,166,728,80,159,324,139,0,25,78,0
"2011","Colne Valley","E14000645","Total",109201,16654,89306,527,981,84,483,1553,232,2,18,172,1
"2011","Dewsbury","E14000666","Total",110062,17588,88991,245,1103,104,218,2210,140,14,12,113,3
"2011","Don Valley","E14000667","Total",98521,21806,75132,242,865,47,185,333,125,1,8,74,0
"2011","Doncaster Central","E14000668","Total",104950,23285,74270,350,5201,275,437,1351,160,3,17,84,4
"2011","Doncaster North","E14000669","Total",98931,25163,72210,193,967,59,134,211,79,4,11,57,2
"2011","East Yorkshire","E14000683","Total",100377,23454,75410,214,888,49,114,245,195,2,16,152,1
"2011","Elmet and Rothwell","E14000689","Total",99623,14145,83905,418,660,74,182,275,182,5,21,153,0
"2011","Great Grimsby","E14000716","Total",88243,25920,59783,142,1589,111,213,563,93,0,18,56,0
"2011","Halifax","E14000723","Total",100865,18353,77945,482,2255,83,174,2070,117,3,6,88,1
"2011","Haltemprice and Howden","E14000724","Total",88519,12747,74148,209,682,95,180,540,143,1,19,183,1
"2011","Harrogate and Knaresborough","E14000730","Total",101334,14132,80900,409,2681,128,431,880,2262,4,49,379,2
"2011","Hemsworth","E14000740","Total",93719,20511,70929,142,1520,43,240,409,95,1,19,84,0
"2011","Huddersfield","E14000756","Total",95296,16027,72200,736,2547,97,964,3131,421,4,15,129,3
"2011","Keighley","E14000766","Total",97150,16075,77521,382,1642,49,259,1539,210,6,25,169,1
"2011","Kingston upon Hull East","E14000771","Total",91937,25108,64644,103,1372,99,249,446,47,1,7,65,0
"2011","Kingston upon Hull North","E14000772","Total",94813,24851,62568,177,4329,153,923,1985,139,12,33,85,5
"2011","Kingston upon Hull West and Hessle","E14000773","Total",84656,21545,57500,126,3852,174,452,1088,135,4,18,88,4
"2011","Leeds Central","E14000777","Total",132877,26439,88127,850,7126,291,3156,7113,611,41,135,277,13
"2011","Leeds East","E14000778","Total",94469,20136,67287,604,2828,75,1273,2542,193,12,32,64,2
"2011","Leeds North East","E14000779","Total",91640,10416,74021,907,2545,152,1030,3019,472,5,66,276,1
"2011","Leeds North West","E14000780","Total",84571,9429,71538,593,1373,124,373,1254,435,17,59,286,1
"2011","Leeds West","E14000781","Total",92806,19701,67723,508,2894,129,865,1107,186,15,39,178,1
"2011","Morley and Outwood","E14000826","Total",96493,14762,79626,314,991,52,240,591,101,2,23,112,1
"2011","Normanton, Pontefract and Castleford","E14000836","Total",107195,24534,80364,165,1550,38,291,333,65,3,15,66,0
"2011","Penistone and Stocksbridge","E14000876","Total",87221,16165,70038,204,431,36,143,256,119,3,16,80,1
"2011","Pudsey","E14000886","Total",88855,11924,74886,398,822,70,251,617,195,10,20,178,4
"2011","Richmond (Yorks)","E14000895","Total",107301,19140,85010,284,993,93,408,1066,339,4,15,463,0
"2011","Rother Valley","E14000903","Total",94608,18530,74917,177,565,48,191,290,92,2,7,46,0
"2011","Rotherham","E14000904","Total",89697,22416,63077,246,2333,61,496,1378,79,4,8,33,0
"2011","Scarborough and Whitby","E14000913","Total",97399,23207,71370,183,1606,115,189,765,235,1,20,171,4
"2011","Scunthorpe","E14000914","Total",89055,24081,59412,299,4058,82,234,1002,79,9,45,51,0
"2011","Selby and Ainsty","E14000917","Total",96127,16065,77447,295,1476,148,232,366,225,3,17,205,2
"2011","Sheffield Central","E14000919","Total",115284,15377,82907,614,4435,369,2144,9642,726,154,123,284,15
"2011","Sheffield South East","E14000920","Total",92918,18259,71301,140,1342,93,470,1592,125,14,26,68,0
"2011","Sheffield, Brightside and Hillsborough","E14000921","Total",107139,27644,72590,259,2585,195,1690,2664,350,9,39,65,2
"2011","Sheffield, Hallam","E14000922","Total",89356,9527,76353,420,1248,153,341,1431,424,43,69,232,2
"2011","Sheffield, Heeley","E14000923","Total",93466,22155,67954,261,1433,176,716,874,188,15,57,78,3
"2011","Shipley","E14000925","Total",95176,14028,78496,378,1402,78,245,740,205,7,42,162,0
"2011","Skipton and Ripon","E14000928","Total",99266,16609,79347,242,1489,66,244,384,1223,1,13,283,1
"2011","Thirsk and Malton","E14000993","Total",96949,21089,73827,288,1170,75,199,258,248,9,19,276,2
"2011","Wakefield","E14001009","Total",95074,19428,70937,236,3021,78,576,1037,114,6,35,75,0
"2011","Wentworth and Dearne","E14001028","Total",95362,23367,70892,147,562,45,157,240,61,3,8,46,0
"2011","York Central","E14001061","Total",104359,17964,77884,546,3697,402,633,2901,809,46,127,460,11
"2011","York Outer","E14001062","Total",93692,12938,77544,294,1219,173,229,1353,363,19,52,220,7
"2011","Amber Valley","E14000533","Total",87883,22935,63694,176,792,55,90,162,107,2,7,71,0
"2011","Ashfield","E14000535","Total",101914,28481,71740,159,1093,71,114,260,104,1,11,67,0
"2011","Bassetlaw","E14000546","Total",103808,24434,76380,220,2080,90,215,439,129,3,28,93,2
"2011","Bolsover","E14000577","Total",94473,25922,67026,163,900,45,224,238,87,3,3,57,2
"2011","Boston and Skegness","E14000582","Total",101684,28644,63340,213,8627,95,276,539,117,2,78,75,3
"2011","Bosworth","E14000583","Total",98282,18136,78333,256,838,61,200,487,186,2,11,153,1
"2011","Broxtowe","E14000607","Total",94971,15820,74533,373,1978,176,476,1700,295,24,45,182,0
"2011","Charnwood","E14000625","Total",94748,13795,78955,382,827,78,218,584,189,3,25,111,10
"2011","Chesterfield","E14000632","Total",93248,23283,67995,269,938,76,301,453,129,3,16,88,3
"2011","Corby","E14000648","Total",110099,21863,80236,811,5491,260,619,461,832,6,22,214,5
"2011","Daventry","E14000660","Total",93850,15402,75616,463,1695,79,304,327,330,2,17,209,2
"2011","Derby North","E14000662","Total",100323,20333,73874,710,2976,110,644,1809,312,10,29,150,3
"2011","Derby South","E14000663","Total",109171,24493,73596,647,5219,221,936,4284,352,6,37,76,3
"2011","Derbyshire Dales","E14000664","Total",78673,14551,62928,252,637,59,100,163,251,5,15,218,0
"2011","Erewash","E14000695","Total",94050,21755,70508,347,874,64,149,347,168,1,21,104,2
"2011","Gainsborough","E14000707","Total",91719,21885,68388,263,746,55,174,249,165,9,19,118,3
"2011","Gedling","E14000710","Total",92533,16292,73712,475,1322,87,290,459,212,4,25,112,7
"2011","Grantham and Stamford","E14000714","Total",104391,22251,77594,335,3210,113,345,564,301,6,82,195,2
"2011","Harborough","E14000728","Total",100662,14986,81950,458,1371,139,501,1511,294,9,31,213,1
"2011","High Peak","E14000748","Total",90892,16672,72594,378,804,60,119,286,209,8,27,163,0
"2011","Kettering","E14000769","Total",93475,19308,69188,485,3003,94,595,862,337,3,27,161,1
"2011","Leicester East","E14000782","Total",108520,12866,78062,382,6186,173,1597,9641,249,1,42,67,14
"2011","Leicester South","E14000783","Total",119287,15850,83780,603,7314,392,2220,9275,675,42,104,198,8
"2011","Leicester West","E14000784","Total",102032,24368,64739,542,7322,295,1981,2925,311,12,58,96,1
"2011","Lincoln","E14000792","Total",106334,26164,73891,512,4486,119,422,833,301,12,48,105,5
"2011","Loughborough","E14000797","Total",99177,16203,76456,423,2503,185,690,2915,347,30,61,192,7
"2011","Louth and Horncastle","E14000798","Total",96885,27512,68101,218,665,80,91,227,171,2,12,143,0
"2011","Mansfield","E14000810","Total",104466,26694,74055,273,2953,84,144,335,143,8,19,58,0
"2011","Mid Derbyshire","E14000814","Total",84158,14421,68178,340,699,61,135,358,204,3,11,127,2
"2011","Newark","E14000829","Total",98937,19349,76250,430,2261,95,188,373,289,3,25,209,0
"2011","North East Derbyshire","E14000843","Total",90956,19590,70451,144,432,58,153,197,101,3,11,68,0
"2011","North West Leicestershire","E14000858","Total",93468,20030,71395,295,1178,55,128,420,140,7,18,130,3
"2011","Northampton North","E14000861","Total",86192,16873,60966,1032,4461,175,1316,1473,347,4,41,99,1
"2011","Northampton South","E14000862","Total",93615,17657,64191,826,7308,215,1598,2021,306,6,54,131,6
"2011","Nottingham East","E14000865","Total",99302,17929,66598,708,6470,261,2275,5103,664,14,93,176,24
"2011","Nottingham North","E14000866","Total",97145,28589,62333,408,2925,100,1533,1092,486,9,34,61,9
"2011","Nottingham South","E14000867","Total",109233,15701,77999,720,4854,370,2384,7334,877,39,140,293,7
"2011","Rushcliffe","E14000908","Total",94963,11245,80757,500,1327,107,231,976,370,10,43,250,10
"2011","Rutland and Melton","E14000909","Total",100926,17314,81019,375,1399,102,271,345,396,7,27,321,5
"2011","Sherwood","E14000924","Total",94210,20580,72375,176,640,61,163,261,138,1,19,97,3
"2011","Sleaford and North Hykeham","E14000929","Total",111056,22479,86325,337,1320,68,195,242,349,9,26,210,5
"2011","South Derbyshire","E14000935","Total",94611,18997,73920,314,761,76,164,416,157,4,26,130,1
"2011","South Holland and The Deepings","E14000939","Total",101584,25072,69609,225,6084,73,181,306,149,5,90,113,1
"2011","South Leicestershire","E14000940","Total",100595,15205,83114,328,1113,110,232,566,192,3,12,127,3
"2011","South Northamptonshire","E14000942","Total",108562,13901,90652,685,1886,140,585,528,808,4,40,357,0
"2011","Wellingborough","E14001025","Total",106159,23191,76865,558,3852,152,711,755,427,16,41,106,0
"2011","Aldridge-Brownhills","E14000531","Total",76974,15950,59801,319,404,27,136,365,95,3,17,28,0
"2011","Birmingham, Edgbaston","E14000560","Total",96568,16354,70248,1170,3102,217,1445,4164,720,18,92,255,13
"2011","Birmingham, Erdington","E14000561","Total",97778,24028,66162,1659,3129,125,1008,1509,633,2,50,55,2
"2011","Birmingham, Hall Green","E14000562","Total",115904,12290,91192,1881,3334,235,896,6877,544,5,51,160,1
"2011","Birmingham, Hodge Hill","E14000563","Total",121678,19847,88991,865,4518,394,952,6722,363,2,15,28,4
"2011","Birmingham, Ladywood","E14000564","Total",126693,16106,85075,1118,8456,572,2827,11522,2021,31,115,200,29
"2011","Birmingham, Northfield","E14000565","Total",101422,25892,71317,1165,996,147,763,1223,348,0,32,82,0
"2011","Birmingham, Perry Barr","E14000566","Total",107090,15085,78938,940,4054,106,1195,6080,1302,5,45,29,21
"2011","Birmingham, Selly Oak","E14000567","Total",104067,18934,76989,1763,2105,249,973,3250,550,28,77,208,6
"2011","Birmingham, Yardley","E14000568","Total",106738,22002,75993,1854,3090,151,591,3317,300,2,39,60,1
"2011","Bromsgrove","E14000605","Total",93637,14924,77018,546,557,142,157,444,193,4,12,102,1
"2011","Burton","E14000610","Total",102731,22898,74410,321,3605,66,246,1335,182,4,13,100,0
"2011","Cannock Chase","E14000618","Total",97462,23521,72818,214,570,38,90,246,91,1,10,51,2
"2011","Coventry North East","E14000649","Total",110511,20950,74355,1434,6014,241,2508,5188,346,2,26,88,1
"2011","Coventry North West","E14000650","Total",100872,16871,73843,2136,4057,158,1165,2784,312,14,38,130,10
"2011","Coventry South","E14000651","Total",105577,15394,74992,1366,5234,276,2491,6130,412,35,68,123,6
"2011","Dudley North","E14000671","Total",81218,21238,57643,146,848,39,269,1075,174,1,7,19,2
"2011","Dudley South","E14000672","Total",79648,20335,57972,123,460,39,185,595,93,0,15,33,0
"2011","Halesowen and Rowley Regis","E14000722","Total",87319,20720,64685,282,612,45,255,827,131,3,14,55,0
"2011","Hereford and South Herefordshire","E14000743","Total",97492,22225,70464,271,3683,127,213,464,259,5,56,265,1
"2011","Kenilworth and Southam","E14000767","Total",82175,11235,67808,575,1281,163,243,913,427,21,56,256,1
"2011","Lichfield","E14000791","Total",92985,16886,74417,332,961,39,125,240,172,4,20,123,4
"2011","Ludlow","E14000799","Total",84857,19206,64215,224,819,67,80,184,242,1,10,220,1
"2011","Meriden","E14000812","Total",107857,18045,87127,1033,841,81,386,482,315,4,21,158,0
"2011","Mid Worcestershire","E14000818","Total",94454,18101,72750,333,2665,84,195,377,232,0,17,197,0
"2011","Newcastle-under-Lyme","E14000834","Total",88945,20144,65823,208,1081,233,354,1238,190,3,20,93,8
"2011","North Herefordshire","E14000847","Total",85985,19203,63846,258,2102,74,180,303,253,2,17,233,0
"2011","North Shropshire","E14000849","Total",104268,24602,76755,390,1787,94,195,436,231,8,11,241,1
"2011","North Warwickshire","E14000854","Total",90034,18718,69222,407,1009,38,203,479,116,9,16,69,1
"2011","Nuneaton","E14000868","Total",91086,20537,67537,254,1331,64,269,1168,116,1,8,84,0
"2011","Redditch","E14000892","Total",89677,17840,67676,392,2899,45,173,758,177,3,23,83,2
"2011","Rugby","E14000905","Total",96549,17285,72227,653,4412,154,722,1131,296,57,70,188,3
"2011","Shrewsbury and Atcham","E14000926","Total",102382,21176,78305,365,1466,118,163,838,276,14,27,217,1
"2011","Solihull","E14000931","Total",98817,12044,82653,1460,1022,92,395,1511,248,7,35,174,2
"2011","South Staffordshire","E14000945","Total",93655,17399,75196,265,421,32,110,269,76,1,19,95,0
"2011","Stafford","E14000965","Total",95255,18822,72827,401,1290,80,456,1467,218,21,33,140,2
"2011","Staffordshire Moorlands","E14000966","Total",77523,17207,59461,131,506,47,54,156,73,2,11,83,1
"2011","Stoke-on-Trent Central","E14000972","Total",83104,22136,55340,194,2049,163,664,2643,124,10,26,109,2
"2011","Stoke-on-Trent North","E14000973","Total",96715,27447,66091,152,1462,108,380,1143,98,1,28,85,2
"2011","Stoke-on-Trent South","E14000974","Total",89539,23651,63845,121,890,63,246,791,61,0,17,69,0
"2011","Stone","E14000975","Total",84249,16163,66762,274,575,52,152,312,168,2,18,125,1
"2011","Stourbridge","E14000976","Total",90024,19632,68834,248,588,56,152,673,93,3,13,63,1
"2011","Stratford-on-Avon","E14000977","Total",88490,14027,70984,513,2080,99,223,554,468,7,20,316,0
"2011","Sutton Coldfield","E14000985","Total",95107,11022,81135,1001,918,75,299,845,220,0,29,136,2
"2011","Tamworth","E14000986","Total",95334,19940,73384,445,1183,25,153,257,105,6,22,95,0
"2011","Telford","E14000989","Total",90359,25822,61510,227,1708,76,396,675,113,8,15,75,0
"2011","The Wrekin","E14000992","Total",90904,19330,67863,262,2163,64,328,947,181,2,26,127,2
"2011","Walsall North","E14001011","Total",93878,29055,62121,136,1030,23,383,1158,127,0,13,18,0
"2011","Walsall South","E14001012","Total",98471,21670,70001,278,2150,50,624,3869,282,5,18,38,0
"2011","Warley","E14001016","Total",92201,18643,63084,533,3675,130,895,4953,664,12,41,50,5
"2011","Warwick and Leamington","E14001019","Total",97140,14574,75254,1157,3610,241,491,1888,508,28,91,434,2
"2011","West Bromwich East","E14001029","Total",88030,20412,60300,330,3359,41,465,2937,451,3,11,18,1
"2011","West Bromwich West","E14001030","Total",90191,24765,59937,182,2584,39,528,2077,298,0,16,19,4
"2011","West Worcestershire","E14001035","Total",91658,18418,71127,278,1042,94,188,522,299,6,18,252,1
"2011","Wolverhampton North East","E14001049","Total",88737,25250,57765,371,2322,54,901,1834,435,2,17,39,1
"2011","Wolverhampton South East","E14001050","Total",88177,24564,57463,153,1797,37,571,3415,374,3,12,23,0
"2011","Wolverhampton South West","E14001051","Total",84913,14649,62383,429,2993,84,788,3571,362,10,20,79,9
"2011","Worcester","E14001052","Total",98768,20715,73307,406,3022,121,264,1017,207,10,58,163,0
"2011","Wyre Forest","E14001058","Total",97975,23238,72856,283,1198,54,87,318,135,6,27,118,0
"2011","Basildon and Billericay","E14000544","Total",89687,14187,71649,603,1246,174,886,1061,318,9,64,190,0
"2011","Bedford","E14000552","Total",101066,16116,70274,807,9538,295,1226,3077,659,6,98,223,4
"2011","Braintree","E14000590","Total",97840,17025,77393,594,1966,137,324,493,238,7,27,250,0
"2011","Brentwood and Ongar","E14000594","Total",92957,9437,79833,866,1469,166,682,810,441,12,64,363,0
"2011","Broadland","E14000603","Total",95188,20009,73557,219,836,86,205,320,280,8,31,206,3
"2011","Broxbourne","E14000606","Total",98790,10825,80698,1052,4753,447,1042,496,301,10,49,191,2
"2011","Bury St Edmunds","E14000613","Total",113678,22054,86890,419,2201,130,407,652,1398,5,41,323,0
"2011","Cambridge","E14000617","Total",114740,12844,76338,1419,12701,1320,1382,7012,3397,146,460,1611,10
"2011","Castle Point","E14000622","Total",88011,12428,74335,396,469,72,240,234,108,3,28,101,0
"2011","Central Suffolk and North Ipswich","E14000624","Total",98935,19980,76451,283,1230,112,271,550,468,5,27,229,4
"2011","Chelmsford","E14000628","Total",105424,14100,85917,838,2310,184,983,1339,372,18,80,354,1
"2011","Clacton","E14000642","Total",85359,21361,62234,499,769,68,152,294,147,2,24,93,2
"2011","Colchester","E14000644","Total",108610,19077,80449,592,3957,329,1224,2990,499,39,171,369,7
"2011","Epping Forest","E14000693","Total",95084,10046,79960,913,2454,321,834,993,446,11,102,365,2
"2011","Great Yarmouth","E14000717","Total",97277,28133,65014,264,2983,99,283,489,226,4,37,95,0
"2011","Harlow","E14000729","Total",92163,15372,70409,782,3050,183,1402,1261,243,4,47,146,0
"2011","Harwich and North Essex","E14000734","Total",91170,15764,72128,366,1410,195,320,983,323,23,42,172,1
"2011","Hemel Hempstead","E14000739","Total",99084,14532,78398,1060,2446,188,1177,1610,455,8,108,287,0
"2011","Hertford and Stortford","E14000744","Total",106711,11291,89469,991,3472,272,591,785,538,8,145,525,3
"2011","Hertsmere","E14000745","Total",100031,9328,81241,1710,4357,385,1982,2140,614,10,126,327,0
"2011","Hitchin and Harpenden","E14000749","Total",99607,10379,83746,1062,2486,199,802,1098,876,18,144,721,0
"2011","Huntingdon","E14000757","Total",112664,17630,87035,586,4084,247,592,1059,2143,11,56,328,0
"2011","Ipswich","E14000761","Total",109003,25264,74716,408,5661,262,554,2052,592,10,72,212,1
"2011","Luton North","E14000800","Total",98947,12565,73257,2495,4682,143,2096,4380,659,6,55,95,3
"2011","Luton South","E14000801","Total",110180,13360,73605,2610,10025,346,2759,8130,588,19,123,144,6
"2011","Maldon","E14000806","Total",88797,11684,75377,448,713,96,217,307,238,4,37,250,0
"2011","Mid Bedfordshire","E14000813","Total",100121,12934,82526,943,1928,120,639,1104,446,19,62,303,5
"2011","Mid Norfolk","E14000816","Total",99840,24582,72067,282,2092,95,189,325,451,9,70,182,1
"2011","North East Bedfordshire","E14000841","Total",102716,15316,83391,672,2117,127,577,600,457,9,47,291,4
"2011","North East Cambridgeshire","E14000842","Total",112376,29001,76322,305,5528,141,273,450,624,8,38,159,2
"2011","North East Hertfordshire","E14000845","Total",95286,13565,77718,722,1807,167,488,874,515,7,55,401,1
"2011","North Norfolk","E14000848","Total",84645,23057,60039,220,896,71,112,220,238,3,24,166,1
"2011","North West Cambridgeshire","E14000855","Total",125061,22063,94154,554,5705,145,878,854,1346,13,89,263,3
"2011","North West Norfolk","E14000859","Total",95124,24607,64783,278,4428,133,193,565,391,1,64,140,0
"2011","Norwich North","E14000863","Total",87352,20114,63296,248,2475,140,458,657,268,9,39,175,2
"2011","Norwich South","E14000864","Total",96670,20417,67291,580,3693,359,940,3283,670,52,143,342,7
"2011","Peterborough","E14000878","Total",115414,22989,74093,477,13940,177,918,3186,452,5,87,118,2
"2011","Rayleigh and Wickford","E14000888","Total",97352,11762,83995,429,537,89,262,348,187,7,32,181,1
"2011","Rochford and Southend East","E14000899","Total",100083,19465,74578,631,3167,236,1085,1112,276,10,61,216,0
"2011","Saffron Walden","E14000910","Total",101959,11980,85950,665,2082,182,380,735,533,9,58,505,2
"2011","South Basildon and East Thurrock","E14000933","Total",96886,16123,77507,490,1149,141,961,750,217,4,36,139,1
"2011","South Cambridgeshire","E14000934","Total",109807,13608,88359,781,3880,396,837,2081,1255,34,140,769,3
"2011","South East Cambridgeshire","E14000937","Total",114779,17666,88389,715,4170,314,691,1519,2196,28,141,553,2
"2011","South Norfolk","E14000941","Total",98193,20380,75513,250,1244,124,295,389,385,5,44,255,1
"2011","South Suffolk","E14000946","Total",91752,17225,72435,371,1046,103,178,294,373,10,28,281,2
"2011","South West Bedfordshire","E14000949","Total",102031,16601,80096,1122,2661,176,895,695,368,8,45,218,0
"2011","South West Hertfordshire","E14000951","Total",105309,10703,88396,1377,2825,257,772,1137,851,15,129,673,6
"2011","South West Norfolk","E14000952","Total",103599,25366,70814,305,4251,107,205,362,2551,2,82,151,1
"2011","Southend West","E14000957","Total",88884,12570,72624,580,1634,159,656,829,223,8,39,263,0
"2011","St Albans","E14000960","Total",97663,8494,81083,1560,3889,344,1178,1504,797,18,127,819,2
"2011","Stevenage","E14000968","Total",94192,15249,73179,802,2348,170,1208,1499,390,9,88,174,1
"2011","Suffolk Coastal","E14000981","Total",98927,20115,76091,345,1382,116,326,477,593,11,37,267,0
"2011","Thurrock","E14000995","Total",116255,18989,86256,768,5316,247,4026,1498,417,6,172,129,0
"2011","Watford","E14001021","Total",114035,11602,87367,2053,6664,387,2435,4162,576,7,235,398,1
"2011","Waveney","E14001022","Total",102474,28124,72329,263,1203,79,175,337,199,3,35,123,1
"2011","Welwyn Hatfield","E14001027","Total",105354,13036,79799,1303,4613,327,2624,4225,550,11,131,387,2
"2011","West Suffolk","E14001034","Total",113394,21050,77859,694,3906,215,498,890,8998,18,85,282,1
"2011","Witham","E14001045","Total",88429,14154,71931,455,1233,89,288,315,271,6,33,199,0
"2011","Barking","E14000540","Total",122313,18770,78104,810,10850,586,7517,6972,663,11,202,123,2
"2011","Battersea","E14000549","Total",106709,6067,77089,2676,11759,1065,2331,2511,2771,122,941,4460,6
"2011","Beckenham","E14000551","Total",87011,6261,74980,1201,2546,401,1018,1107,531,16,160,481,2
"2011","Bermondsey and Old Southwark","E14000553","Total",126522,9734,81947,2765,14804,1513,6650,6324,2882,113,2092,2541,14
"2011","Bethnal Green and Bow","E14000555","Total",125351,8168,90352,1849,11260,1091,1613,9013,2132,53,699,2380,15
"2011","Bexleyheath and Crayford","E14000558","Total",87848,11883,70898,733,1760,232,2050,877,291,3,65,102,1
"2011","Brent Central","E14000591","Total",137438,8324,86820,5555,21530,776,3532,9170,2251,53,1915,1312,11
"2011","Brent North","E14000592","Total",128484,5302,84913,3066,15932,463,2309,17457,1034,16,351,265,9
"2011","Brentford and Isleworth","E14000593","Total",128556,8482,86553,2991,14455,1019,2437,12457,1858,60,507,1988,7
"2011","Bromley and Chislehurst","E14000604","Total",88633,9281,72393,994,3198,423,1432,1456,613,21,200,523,1
"2011","Camberwell and Peckham","E14000615","Total",125226,11216,85050,2072,10985,723,10677,2702,2653,84,2007,1223,12
"2011","Carshalton and Wallington","E14000621","Total",95322,11165,75622,1194,3796,317,1823,2107,444,9,202,324,5
"2011","Chelsea and Fulham","E14000629","Total",105697,4088,69271,2974,18199,1891,1654,3866,5707,185,1031,3904,13
"2011","Chingford and Woodford Green","E14000634","Total",88149,7652,72105,1244,4126,702,1350,1561,657,13,182,375,6
"2011","Chipping Barnet","E14000636","Total",111973,7152,88411,2591,7836,1002,1922,4768,925,28,345,557,3
"2011","Cities of London and Westminster","E14000639","Total",110000,3346,66774,2115,19304,2838,2269,8644,6389,195,1255,3225,31
"2011","Croydon Central","E14000654","Total",114705,14626,84695,1357,5739,509,3585,4399,1324,27,319,358,12
"2011","Croydon North","E14000655","Total",136044,13457,95518,1456,10632,600,6526,7121,2888,21,602,341,1
"2011","Croydon South","E14000656","Total",112629,9694,92768,1455,4250,433,2134,2580,838,27,201,431,2
"2011","Dagenham and Rainham","E14000657","Total",102090,16007,73988,960,5108,290,4603,1887,465,7,99,99,2
"2011","Dulwich and West Norwood","E14000673","Total",110542,8415,81094,2238,10435,518,3928,1717,2854,58,1331,1823,13
"2011","Ealing Central and Acton","E14000674","Total",119419,6119,77863,3719,18374,1238,2349,9065,2125,46,758,3089,5
"2011","Ealing North","E14000675","Total",121117,9553,80003,3229,18088,785,2346,8320,1059,15,330,506,9
"2011","Ealing, Southall","E14000676","Total",97913,5323,67695,1943,8686,467,1243,12929,784,24,180,584,2
"2011","East Ham","E14000679","Total",149842,9905,90744,748,15829,636,5720,27188,986,12,576,255,14
"2011","Edmonton","E14000687","Total",112059,10615,80905,1368,9447,2823,5805,2190,1370,13,311,96,11
"2011","Eltham","E14000690","Total",89759,11075,68091,1285,4715,524,2649,1952,611,12,238,388,4
"2011","Enfield North","E14000691","Total",103053,10962,79025,1545,6207,1773,2946,1601,827,5,219,222,2
"2011","Enfield, Southgate","E14000692","Total",97354,5292,75889,2356,9297,1415,1874,2450,710,16,320,463,15
"2011","Erith and Thamesmead","E14000696","Total",110151,15272,73657,950,6856,381,10327,4049,740,10,221,161,4
"2011","Feltham and Heston","E14000701","Total",125401,12221,83833,1238,11749,497,2529,14231,511,16,245,187,14
"2011","Finchley and Golders Green","E14000703","Total",120608,5223,85978,2427,15017,1510,3062,9631,2347,47,820,1238,7
"2011","Greenwich and Woolwich","E14000718","Total",112628,12548,73414,1868,9509,1047,7216,6746,1712,28,450,1261,13
"2011","Hackney North and Stoke Newington","E14000720","Total",128036,7503,93791,2399,13038,2515,3769,3110,3966,79,1286,1660,14
"2011","Hackney South and Shoreditch","E14000721","Total",118234,9231,83726,2306,11033,2368,5344,2638,2959,62,934,2168,23
"2011","Hammersmith","E14000726","Total",118236,7072,78098,3824,16074,1390,2482,5502,2987,157,1290,5201,11
"2011","Hampstead and Kilburn","E14000727","Total",129989,5108,86679,4396,17029,1862,2907,7967,6457,134,1315,4521,10
"2011","Harrow East","E14000731","Total",103761,5225,78242,2766,9334,324,2170,6760,620,15,134,184,10
"2011","Harrow West","E14000732","Total",104165,5852,74288,2752,9433,632,1836,10035,813,16,211,463,6
"2011","Hayes and Harlington","E14000737","Total",110133,11105,75909,1601,8998,531,2284,10231,636,3,183,122,14
"2011","Hendon","E14000741","Total",123805,7438,86527,2359,14853,999,4641,9964,1206,10,559,421,12
"2011","Holborn and St Pancras","E14000750","Total",135642,7659,95482,3585,14484,1615,2056,7834,4730,193,1059,3078,14
"2011","Hornchurch and Upminster","E14000751","Total",102846,13010,85068,880,1928,229,1259,989,241,3,66,181,0
"2011","Hornsey and Wood Green","E14000752","Total",125689,6263,92230,3389,15542,2122,2407,3308,2872,103,852,2060,8
"2011","Ilford North","E14000759","Total",102589,7647,81136,1006,5907,712,1733,5553,579,10,169,234,3
"2011","Ilford South","E14000760","Total",131035,7858,93254,1324,8916,530,3227,17299,794,6,174,178,4
"2011","Islington North","E14000763","Total",103469,7242,75817,3856,9540,1439,1757,2365,2498,76,960,2126,16
"2011","Islington South and Finsbury","E14000764","Total",102656,7300,71970,2960,10427,1692,1472,3736,3284,87,821,2955,25
"2011","Kensington","E14000768","Total",117209,3973,70644,2638,22720,2793,2179,7543,8453,196,1297,3235,25
"2011","Kingston and Surbiton","E14000770","Total",118002,9552,89839,1655,8549,851,2054,6241,985,41,392,878,6
"2011","Lewisham East","E14000787","Total",102206,11659,73527,1493,7299,714,4365,2430,2201,24,426,697,0
"2011","Lewisham West and Penge","E14000788","Total",105993,11604,77505,1745,7930,668,4080,1842,2053,36,532,825,13
"2011","Lewisham, Deptford","E14000789","Total",112827,9772,76368,1934,11656,980,6530,4203,2711,58,963,1272,6
"2011","Leyton and Wanstead","E14000790","Total",104183,7542,68683,1802,15250,858,3840,6304,1296,39,513,680,16
"2011","Mitcham and Morden","E14000823","Total",103298,10449,69038,1528,12383,536,4398,5664,1027,23,525,525,6
"2011","Old Bexley and Sidcup","E14000869","Total",86168,8549,73636,777,1530,234,853,1004,278,4,52,219,1
"2011","Orpington","E14000872","Total",88607,9198,75180,658,1671,232,990,1047,414,10,102,330,0
"2011","Poplar and Limehouse","E14000882","Total",128745,8622,86179,1552,13180,1761,2431,13171,2038,111,883,2376,20
"2011","Putney","E14000887","Total",93396,6101,64588,2121,11214,1039,3286,3104,2046,80,1041,3826,11
"2011","Richmond Park","E14000896","Total",116846,6027,89072,2530,10913,1255,2077,4403,3229,104,626,2852,17
"2011","Romford","E14000900","Total",95894,11006,78621,1192,2512,227,1323,1358,343,7,53,199,1
"2011","Ruislip, Northwood and Pinner","E14000906","Total",93716,6498,77495,1841,3878,443,1031,2983,854,32,153,506,1
"2011","Streatham","E14000978","Total",115046,8033,78631,2549,16043,590,4143,2088,2836,64,1580,2630,8
"2011","Sutton and Cheam","E14000984","Total",94824,7927,75075,1402,5121,597,1903,3627,522,14,276,454,2
"2011","Tooting","E14000998","Total",106890,6872,78516,2463,10639,571,3015,3754,2004,46,554,2610,7
"2011","Tottenham","E14001002","Total",129237,9512,82496,2460,22422,3032,5058,3385,2684,61,1721,966,13
"2011","Twickenham","E14001005","Total",112202,7381,91322,2681,6479,706,1428,2129,1660,59,351,1940,19
"2011","Uxbridge and South Ruislip","E14001007","Total",101217,9999,77041,2140,5150,480,1628,5309,661,43,177,341,5
"2011","Vauxhall","E14001008","Total",114033,7233,77486,2937,15212,788,3837,2681,3001,105,2014,3382,19
"2011","Walthamstow","E14001013","Total",111263,9862,73370,1340,15734,1256,3951,6307,1619,80,515,479,6
"2011","West Ham","E14001032","Total",158142,12362,93835,1211,23378,965,8573,17929,1482,28,1181,582,20
"2011","Westminster North","E14001036","Total",116771,4796,74108,2467,18115,2004,2742,8141,5880,155,1253,3977,22
"2011","Wimbledon","E14001040","Total",96395,5103,70078,2373,9255,1192,4478,4706,1775,57,574,2334,4
"2011","Aldershot","E14000530","Total",103922,14401,78910,614,2633,221,1255,5971,486,17,101,361,5
"2011","Arundel and South Downs","E14000534","Total",97267,11942,82460,557,1478,168,305,394,531,6,50,486,2
"2011","Ashford","E14000536","Total",112940,18756,87966,586,2700,162,706,2227,360,13,47,351,6
"2011","Aylesbury","E14000538","Total",108027,14716,86298,839,3289,189,1173,1923,579,17,82,323,4
"2011","Banbury","E14000539","Total",117928,20152,89690,705,4349,178,824,1308,1416,7,103,474,2
"2011","Basingstoke","E14000545","Total",107996,16812,82417,751,3837,252,1202,3017,432,20,132,276,1
"2011","Beaconsfield","E14000550","Total",99387,8906,83869,1284,2821,276,607,1409,1204,13,123,719,3
"2011","Bexhill and Battle","E14000557","Total",100727,16822,81331,506,1131,161,299,519,610,2,42,370,1
"2011","Bognor Regis and Littlehampton","E14000576","Total",98433,18252,73648,413,4943,155,267,732,236,6,119,194,6
"2011","Bracknell","E14000586","Total",104849,12919,84210,772,3313,331,1500,2255,629,8,121,382,1
"2011","Brighton, Kemptown","E14000597","Total",91567,12965,71169,925,3732,364,773,1680,611,29,162,410,8
"2011","Brighton, Pavilion","E14000598","Total",103593,9070,83491,1213,5890,588,852,2474,1029,58,225,862,8
"2011","Buckingham","E14000608","Total",97184,12333,81231,656,1521,181,608,596,664,9,55,477,3
"2011","Canterbury","E14000619","Total",109280,15064,84748,859,4525,466,978,2677,860,23,112,553,34
"2011","Chatham and Aylesford","E14000626","Total",97281,18438,73337,494,3113,149,1004,990,229,3,53,115,1
"2011","Chesham and Amersham","E14000631","Total",92635,8797,78969,1005,2406,271,542,881,858,17,111,668,1
"2011","Chichester","E14000633","Total",104374,15831,84335,513,2230,162,433,771,631,14,71,546,10
"2011","Crawley","E14000652","Total",106597,13741,80505,820,6560,372,2150,2968,366,23,146,205,7
"2011","Dartford","E14000659","Total",103200,14283,82375,658,3134,194,1617,1320,311,4,80,216,5
"2011","Dover","E14000670","Total",97620,18092,75423,400,2220,118,227,1128,475,6,41,211,0
"2011","East Hampshire","E14000680","Total",95282,13508,77774,481,1905,167,583,901,580,6,75,500,2
"2011","East Surrey","E14000681","Total",105074,10945,89046,865,2380,244,875,953,603,22,101,499,3
"2011","East Worthing and Shoreham","E14000682","Total",96024,15062,77431,510,1796,190,407,847,282,12,65,214,2
"2011","Eastbourne","E14000684","Total",106852,18131,81560,780,4406,329,618,1243,420,15,120,341,4
"2011","Eastleigh","E14000685","Total",103763,15558,84690,398,1662,124,505,955,302,22,60,228,1
"2011","Epsom and Ewell","E14000694","Total",104197,8069,88357,1281,3597,275,1411,2009,593,18,168,581,2
"2011","Esher and Walton","E14000697","Total",109074,8336,89390,1531,5177,544,1658,1774,2475,67,340,1335,4
"2011","Fareham","E14000699","Total",97504,13521,81832,315,961,94,338,502,290,2,40,213,1
"2011","Faversham and Mid Kent","E14000700","Total",92804,15698,74132,422,1702,136,341,450,339,7,44,292,1
"2011","Folkestone and Hythe","E14000704","Total",112985,19359,87915,620,2294,188,327,2435,312,4,51,294,6
"2011","Gillingham and Rainham","E14000711","Total",98830,17368,76217,587,2274,156,933,1532,192,5,52,132,2
"2011","Gosport","E14000713","Total",96699,19331,75203,242,1004,95,299,437,327,20,26,203,4
"2011","Gravesham","E14000715","Total",101720,16198,76905,643,4622,209,1165,2232,252,10,57,260,2
"2011","Guildford","E14000719","Total",105647,10582,83610,826,5282,628,1407,3736,1003,45,274,809,5
"2011","Hastings and Rye","E14000735","Total",107984,24120,79182,585,2406,264,552,960,438,7,57,291,3
"2011","Havant","E14000736","Total",91875,19449,70667,279,868,103,244,351,174,5,49,141,4
"2011","Henley","E14000742","Total",97812,11935,81016,807,2623,237,470,685,986,17,80,801,0
"2011","Horsham","E14000753","Total",103692,11041,87815,647,2368,231,658,1097,615,15,76,520,1
"2011","Hove","E14000755","Total",99753,10356,79962,1143,5309,507,879,1740,825,43,305,706,6
"2011","Isle of Wight","E14000762","Total",138265,33884,100955,529,1796,135,252,735,448,5,39,299,2
"2011","Lewes","E14000786","Total",88192,12881,72347,539,1532,166,235,486,547,6,80,437,4
"2011","Maidenhead","E14000803","Total",101770,9386,83793,1111,4271,359,1018,2154,911,23,148,816,1
"2011","Maidstone and The Weald","E14000804","Total",100048,14487,78682,558,3516,271,726,1933,448,12,70,336,8
"2011","Meon Valley","E14000811","Total",89863,12407,75595,315,832,126,277,345,373,8,24,307,1
"2011","Mid Sussex","E14000817","Total",105781,11622,88276,810,2741,227,743,1450,640,17,104,618,1
"2011","Milton Keynes North","E14000821","Total",121798,17214,89721,912,7265,432,3171,3410,653,28,145,361,1
"2011","Milton Keynes South","E14000822","Total",127023,19461,94793,1126,6145,265,2950,2879,676,27,144,315,3
"2011","Mole Valley","E14000824","Total",95033,9131,81052,718,2298,266,743,948,794,9,91,759,13
"2011","New Forest East","E14000827","Total",92346,14834,75433,287,985,101,323,341,257,5,50,334,1
"2011","New Forest West","E14000828","Total",84116,13421,68335,364,1253,124,255,428,309,3,20,344,3
"2011","Newbury","E14000830","Total",107491,17202,84762,789,2732,234,742,1154,637,9,113,549,2
"2011","North East Hampshire","E14000844","Total",96089,8986,83113,589,1886,143,654,845,589,13,71,515,5
"2011","North Thanet","E14000852","Total",93505,18767,71881,485,1416,172,301,539,231,2,22,184,2
"2011","North West Hampshire","E14000857","Total",100986,16435,80914,425,2002,138,462,624,426,9,43,459,4
"2011","Oxford East","E14000873","Total",120705,15156,82792,1705,10343,1027,2136,6436,2627,83,553,1158,15
"2011","Oxford West and Abingdon","E14000874","Total",105985,12619,80700,1017,5918,864,984,2820,2462,65,348,1093,5
"2011","Portsmouth North","E14000883","Total",97425,17571,76451,263,1709,88,497,912,217,6,42,150,4
"2011","Portsmouth South","E14000884","Total",107631,17144,80075,562,4746,346,1553,3438,524,8,102,380,16
"2011","Reading East","E14000889","Total",108794,12185,78386,1232,6177,467,2449,8024,928,46,231,623,16
"2011","Reading West","E14000890","Total",101477,16353,73712,1077,5119,307,2089,3043,603,11,143,355,2
"2011","Reigate","E14000893","Total",100833,10254,83493,1024,3177,273,1194,1759,754,21,164,614,3
"2011","Rochester and Strood","E14000898","Total",105271,18008,82172,657,2171,192,897,1314,275,8,57,253,2
"2011","Romsey and Southampton North","E14000901","Total",88240,10954,70470,386,2706,254,693,2943,484,26,92,360,9
"2011","Runnymede and Weybridge","E14000907","Total",102311,9631,80449,1367,5170,641,1490,3122,1993,58,287,733,9
"2011","Sevenoaks","E14000918","Total",93431,10580,78655,724,2159,210,733,606,784,9,74,651,3
"2011","Sittingbourne and Sheppey","E14000927","Total",108105,23314,81326,473,2112,131,517,369,194,5,34,137,3
"2011","Slough","E14000930","Total",134048,13322,91023,1288,14050,378,3378,12170,558,26,121,183,6
"2011","South Thanet","E14000948","Total",96600,19198,72122,500,3413,270,397,768,379,4,51,258,0
"2011","South West Surrey","E14000953","Total",103129,11335,86380,804,2785,371,649,899,921,25,128,959,0
"2011","Southampton, Itchen","E14000955","Total",102731,19459,75265,495,4652,254,813,1894,356,20,74,187,15
"2011","Southampton, Test","E14000956","Total",105955,18008,72968,627,8774,314,1342,4146,516,33,141,306,4
"2011","Spelthorne","E14000959","Total",95598,10558,77315,1119,3416,320,1119,2173,471,22,160,403,1
"2011","Surrey Heath","E14000983","Total",105624,10561,88634,842,2693,251,1036,2018,705,20,105,577,4
"2011","Tonbridge and Malling","E14000997","Total",98975,13303,81951,528,1802,175,601,795,493,19,81,597,2
"2011","Tunbridge Wells","E14001004","Total",105070,13687,85468,726,3347,294,656,1232,648,33,81,613,2
"2011","Wantage","E14001015","Total",106589,17314,84218,616,2676,199,689,858,695,14,81,540,5
"2011","Wealden","E14001023","Total",101372,14075,83618,470,2033,222,366,610,567,13,46,558,2
"2011","Winchester","E14001041","Total",97303,11755,80891,553,2147,220,539,1291,769,18,60,572,7
"2011","Windsor","E14001042","Total",102327,8063,84027,1254,4871,542,1364,1911,1652,45,208,929,3
"2011","Witney","E14001046","Total",104779,16840,83578,552,2232,163,516,657,865,11,76,556,4
"2011","Woking","E14001047","Total",105870,9914,83854,989,5620,483,1887,3815,987,25,250,734,0
"2011","Wokingham","E14001048","Total",101114,9899,84883,701,2435,308,1030,2266,653,23,119,468,2
"2011","Worthing West","E14001055","Total",94724,15256,75319,508,2151,186,434,971,345,7,70,273,0
"2011","Wycombe","E14001056","Total",108050,11774,86641,840,4363,293,1265,3233,944,24,119,432,3
"2011","Bath","E14000547","Total",88859,11651,69548,652,3717,327,516,2317,873,38,145,607,18
"2011","Bournemouth East","E14000584","Total",102152,15206,75773,617,6667,608,860,2280,421,20,521,339,8
"2011","Bournemouth West","E14000585","Total",98968,16640,73924,511,4616,527,637,2005,384,11,484,254,2
"2011","Bridgwater and West Somerset","E14000595","Total",106450,26458,76670,296,2468,102,109,306,215,2,39,200,1
"2011","Bristol East","E14000599","Total",95368,17763,70474,517,3934,203,966,1462,482,23,92,207,1
"2011","Bristol North West","E14000600","Total",100809,18418,74434,642,4381,274,917,1856,617,14,109,347,5
"2011","Bristol South","E14000601","Total",107365,23428,78257,606,3477,111,503,903,358,19,99,330,0
"2011","Bristol West","E14000602","Total",124692,11113,96887,1292,8269,516,1660,4342,1826,68,307,1088,7
"2011","Camborne and Redruth","E14000616","Total",85436,24851,58763,208,1154,82,114,222,214,3,12,158,1
"2011","Central Devon","E14000623","Total",88926,18420,68572,279,1115,107,132,251,377,0,28,299,2
"2011","Cheltenham","E14000630","Total",104867,16506,81136,682,3866,304,674,1387,922,9,119,529,5
"2011","Chippenham","E14000635","Total",96336,18219,75293,354,1581,125,257,442,406,6,58,312,4
"2011","Christchurch","E14000638","Total",83596,12928,68943,343,829,128,238,317,204,3,44,214,1
"2011","Devizes","E14000665","Total",97028,17083,76203,357,1360,148,639,705,620,23,33,743,12
"2011","East Devon","E14000678","Total",93956,15799,75987,299,1208,91,203,425,305,9,21,311,1
"2011","Exeter","E14000698","Total",105998,19458,78324,463,3503,421,619,3365,524,28,76,397,12
"2011","Filton and Bradley Stoke","E14000702","Total",92651,13270,73312,417,2945,157,694,2089,334,12,107,179,11
"2011","Forest of Dean","E14000705","Total",86167,19915,64791,224,714,72,192,207,223,10,9,227,4
"2011","Gloucester","E14000712","Total",112156,23609,81753,508,3713,153,870,1395,511,7,88,209,1
"2011","Kingswood","E14000774","Total",87190,14702,70561,236,1032,85,234,365,187,3,28,145,0
"2011","Mid Dorset and North Poole","E14000815","Total",80793,12299,66960,256,805,82,160,299,223,13,31,196,7
"2011","Newton Abbot","E14000835","Total",85699,17886,66229,252,777,96,111,380,215,6,21,199,2
"2011","North Cornwall","E14000837","Total",87562,23676,61919,190,1250,58,86,314,201,0,18,234,5
"2011","North Devon","E14000838","Total",93667,22308,69298,262,1119,65,160,425,248,6,25,209,2
"2011","North Dorset","E14000839","Total",95831,17444,75890,284,1374,150,197,501,378,3,24,304,7
"2011","North East Somerset","E14000846","Total",87157,14847,70443,279,896,104,219,407,321,8,25,276,2
"2011","North Somerset","E14000850","Total",98278,13041,83002,429,1166,135,238,364,301,9,23,281,0
"2011","North Swindon","E14000851","Total",107337,20030,81372,596,2996,172,609,1558,394,14,144,182,3
"2011","North Wiltshire","E14000860","Total",88566,15311,70657,359,1019,101,338,700,450,8,14,393,6
"2011","Plymouth, Moor View","E14000879","Total",91528,25104,64526,170,972,48,195,533,141,4,37,82,1
"2011","Plymouth, Sutton and Devonport","E14000880","Total",110199,23164,79795,527,4222,241,641,1622,407,31,73,249,17
"2011","Poole","E14000881","Total",95242,15573,74937,433,2669,214,344,1193,317,11,94,264,4
"2011","Salisbury","E14000912","Total",91498,16343,72060,334,1594,153,319,678,424,2,29,401,4
"2011","Somerton and Frome","E14000932","Total",103233,20997,79558,347,1582,107,207,371,436,8,22,389,5
"2011","South Dorset","E14000936","Total",91999,19505,70204,324,1259,109,183,365,283,4,39,214,0
"2011","South East Cornwall","E14000938","Total",88096,19690,67013,184,781,56,75,215,223,4,13,214,1
"2011","South Swindon","E14000947","Total",101819,18170,72348,765,5277,290,738,4226,348,15,273,223,12
"2011","South West Devon","E14000950","Total",88825,14183,73369,210,652,52,168,214,211,1,25,199,0
"2011","South West Wiltshire","E14000954","Total",97553,20539,73324,295,2418,108,301,493,343,21,27,360,1
"2011","St Austell and Newquay","E14000961","Total",99026,26889,70189,252,1114,62,160,282,241,3,20,233,1
"2011","St Ives","E14000964","Total",85067,21410,61868,258,960,62,110,195,396,7,32,297,6
"2011","Stroud","E14000980","Total",99816,18856,78359,380,1549,130,213,269,468,2,35,378,1
"2011","Taunton Deane","E14000988","Total",110187,22785,83162,369,2528,185,291,894,349,6,46,328,6
"2011","Tewkesbury","E14000990","Total",98134,16422,78422,454,1849,109,330,469,431,7,38,299,3
"2011","The Cotswolds","E14000991","Total",95844,16299,76468,463,1498,120,346,487,669,5,69,574,5
"2011","Thornbury and Yate","E14000994","Total",82926,13055,68051,305,1021,78,175,276,235,4,30,233,7
"2011","Tiverton and Honiton","E14000996","Total",97830,21769,73781,252,1336,73,138,405,310,3,28,264,4
"2011","Torbay","E14000999","Total",97132,21067,73007,355,1838,103,230,579,216,8,41,190,1
"2011","Torridge and West Devon","E14001000","Total",97183,24300,71375,269,784,73,84,281,261,3,25,195,1
"2011","Totnes","E14001001","Total",82799,16329,64710,257,962,74,175,238,372,3,29,311,0
"2011","Truro and Falmouth","E14001003","Total",89289,18122,68984,344,1106,113,212,410,403,2,33,361,0
"2011","Wells","E14001026","Total",103319,20868,79322,385,1841,157,191,508,384,8,42,385,10
"2011","West Dorset","E14001031","Total",95460,19120,74161,344,913,150,182,562,429,12,29,388,7
"2011","Weston-Super-Mare","E14001038","Total",104288,20999,79314,402,2463,182,354,668,194,6,54,189,3
"2011","Yeovil","E14001060","Total",106783,24599,78514,270,2522,95,203,536,279,8,35,254,2
"2011","Ynys Mon","W07000041","Total",69751,20132,48487,338,434,39,86,267,127,4,17,85,0
"2011","Delyn","W07000042","Total",70001,15213,53353,221,930,37,68,195,91,4,13,84,0
"2011","Alyn and Deeside","W07000043","Total",82505,16378,63768,293,1693,57,85,282,118,3,13,80,0
"2011","Wrexham","W07000044","Total",70741,15927,50194,258,3076,57,184,1095,81,3,16,98,1
"2011","Llanelli","W07000045","Total",81245,20781,58130,200,1613,57,75,410,119,5,18,86,1
"2011","Gower","W07000046","Total",77819,13133,63278,271,632,48,93,380,166,3,14,135,0
"2011","Swansea West","W07000047","Total",80668,13746,60696,421,1825,235,812,3015,314,20,58,192,5
"2011","Swansea East","W07000048","Total",80536,19110,58737,231,1193,80,348,949,83,3,20,71,1
"2011","Aberavon","W07000049","Total",66133,15568,49689,160,325,30,78,295,84,1,21,48,0
"2011","Cardiff Central","W07000050","Total",88097,9982,67633,725,3775,224,940,5099,501,34,72,235,8
"2011","Cardiff North","W07000051","Total",88114,10602,73307,473,1586,98,439,1806,301,14,52,178,0
"2011","Rhondda","W07000052","Total",69576,19007,49728,59,231,35,225,305,43,3,3,35,0
"2011","Torfaen","W07000053","Total",81108,20715,59433,170,274,58,35,434,65,4,5,66,3
"2011","Monmouth","W07000054","Total",83733,16056,65945,297,813,62,148,388,270,1,19,235,0
"2011","Newport East","W07000055","Total",77892,16312,58728,234,1328,87,380,968,129,2,15,76,2
"2011","Newport West","W07000056","Total",85401,15430,66191,370,1599,88,518,1355,205,13,21,82,2
"2011","Arfon","W07000057","Total",60573,15075,42549,308,839,63,245,1530,175,3,24,95,4
"2011","Aberconwy","W07000058","Total",56415,12632,42367,308,779,42,117,179,140,7,15,104,0
"2011","Clwyd West","W07000059","Total",73920,18190,54257,346,558,72,124,389,179,4,11,122,4
"2011","Vale of Clwyd","W07000060","Total",71101,17736,51959,247,530,59,127,504,99,2,14,76,0
"2011","Dwyfor Meirionnydd","W07000061","Total",61301,18790,41575,158,440,38,59,216,135,2,18,112,1
"2011","Clwyd South","W07000062","Total",71629,18737,51369,167,993,50,111,188,116,3,18,68,0
"2011","Montgomeryshire","W07000063","Total",63779,17630,44803,188,886,27,57,153,135,0,8,150,0
"2011","Ceredigion","W07000064","Total",75922,20004,52840,387,1632,179,212,648,359,4,35,144,2
"2011","Preseli Pembrokeshire","W07000065","Total",76587,21563,53365,335,712,45,127,452,179,2,11,125,3
"2011","Carmarthen West and South Pembrokeshire","W07000066","Total",77338,20417,54875,355,975,90,115,501,167,2,25,101,2
"2011","Carmarthen East and Dinefwr","W07000067","Total",71046,19688,50215,220,608,42,53,197,131,1,22,109,0
"2011","Brecon and Radnorshire","W07000068","Total",69197,17428,50094,196,680,57,90,603,221,4,17,196,3
"2011","Neath","W07000069","Total",73679,16642,56293,142,329,33,44,178,77,2,33,60,0
"2011","Cynon Valley","W07000070","Total",68952,17338,50573,104,434,47,185,295,64,0,3,24,0
"2011","Merthyr Tydfil and Rhymney","W07000071","Total",75220,19451,53899,107,1281,29,105,364,61,1,23,54,0
"2011","Blaenau Gwent","W07000072","Total",69814,20915,48121,86,465,57,65,139,24,0,5,37,0
"2011","Bridgend","W07000073","Total",79873,15242,62724,232,1178,47,149,387,115,3,10,149,0
"2011","Ogmore","W07000074","Total",74738,17059,56836,168,353,26,80,195,68,0,42,57,1
"2011","Pontypridd","W07000075","Total",80449,14965,63186,241,644,44,592,757,140,8,16,99,1
"2011","Caerphilly","W07000076","Total",86980,19516,66389,183,582,23,83,233,114,3,12,85,2
"2011","Islwyn","W07000077","Total",75408,18125,56589,88,374,31,58,138,67,3,6,46,0
"2011","Vale of Glamorgan","W07000078","Total",97733,17085,78785,316,813,101,183,424,305,13,25,174,0
"2011","Cardiff West","W07000079","Total",91027,16390,69684,545,2161,114,537,1612,339,5,67,243,1
"2011","Cardiff South and Penarth","W07000080","Total",107455,18809,81392,523,3160,225,863,2601,401,18,61,253,1
